title,totalScore,reviewsCount,street,city,state,countryCode,website,phone,categoryName,url
Domino's Pizza,2.7,395,1972 Flatbush Ave,Brooklyn,New York,US,https://www.dominos.com/en/?utm_source=google&utm_medium=loclist&utm_campaign=localmaps,(718) 692-2000,Pizza delivery,https://www.google.com/maps/search/?api=1&query=Domino's%20Pizza&query_place_id=ChIJDVmWJ6hEwokReTV_YW_-E3k
Domino's Pizza,3.9,332,3624 Broadway,New York,New York,US,https://www.dominos.com/en/?utm_source=google&utm_medium=loclist&utm_campaign=localmaps,(212) 926-1234,Pizza delivery,https://www.google.com/maps/search/?api=1&query=Domino's%20Pizza&query_place_id=ChIJu1-n7GL2wokR7eHIIlfiPk4
Domino's Pizza,2.4,471,1772a Ralph Ave,Brooklyn,New York,US,https://www.dominos.com/en/?utm_source=google&utm_medium=loclist&utm_campaign=localmaps,(718) 763-7007,Pizza delivery,https://www.google.com/maps/search/?api=1&query=Domino's%20Pizza&query_place_id=ChIJr6dhRrFcwokR7UowCvy1Dzk
Domino's Pizza,3.7,551,736 W 181st St,New York,New York,US,https://www.dominos.com/en/?utm_source=google&utm_medium=loclist&utm_campaign=localmaps,(212) 781-3700,Pizza delivery,https://www.google.com/maps/search/?api=1&query=Domino's%20Pizza&query_place_id=ChIJ0UGFkaD2wokRQNa7F7wuojQ
Domino's Pizza,4.6,85,86-15A Rockaway Beach Blvd,Rockaway Beach,New York,US,https://www.dominos.com/en/?utm_source=google&utm_medium=loclist&utm_campaign=localmaps,(718) 791-9900,Pizza delivery,https://www.google.com/maps/search/?api=1&query=Domino's%20Pizza&query_place_id=ChIJcb4X5EhpwokR-zwZ_Tbb2mM
Domino's Pizza,3.9,429,4797 Broadway,New York,New York,US,https://www.dominos.com/en/?utm_source=google&utm_medium=loclist&utm_campaign=localmaps,(212) 567-8600,Pizza delivery,https://www.google.com/maps/search/?api=1&query=Domino's%20Pizza&query_place_id=ChIJWUGhFPjzwokRRHJByPYgues
Domino's Pizza,2.9,551,3514 Nostrand Ave,Brooklyn,New York,US,https://www.dominos.com/en/?utm_source=google&utm_medium=loclist&utm_campaign=localmaps,(718) 769-3111,Pizza delivery,https://www.google.com/maps/search/?api=1&query=Domino's%20Pizza&query_place_id=ChIJu8p2f4NEwokRgv80aKrKRwA
Domino's Pizza,2.5,419,946 Southern Blvd,Bronx,New York,US,https://www.dominos.com/en/?redirect=homepage&utm_source=google&utm_medium=loclist&utm_campaign=localmaps,(929) 207-0202,Pizza delivery,https://www.google.com/maps/search/?api=1&query=Domino's%20Pizza&query_place_id=ChIJHWZ8RQD1wokRUe_0tx_P1n8
Domino's Pizza,2.6,547,2048 Rockaway Pkwy,Brooklyn,New York,US,https://www.dominos.com/en/?utm_source=google&utm_medium=loclist&utm_campaign=localmaps,(718) 531-0210,Pizza delivery,https://www.google.com/maps/search/?api=1&query=Domino's%20Pizza&query_place_id=ChIJo3k8-tdcwokRz1FBxNfvO-E
Domino's Pizza,2.4,875,41 E 167th St,Bronx,New York,US,https://www.dominos.com/en/?utm_source=google&utm_medium=loclist&utm_campaign=localmaps,(718) 293-2170,Pizza delivery,https://www.google.com/maps/search/?api=1&query=Domino's%20Pizza&query_place_id=ChIJd73EfDr0wokRQnrQIdFI7Rg
Domino's Pizza,2.4,608,835 Clarkson Ave,Brooklyn,New York,US,https://www.dominos.com/en/?utm_source=google&utm_medium=loclist&utm_campaign=localmaps,(718) 773-7444,Pizza delivery,https://www.google.com/maps/search/?api=1&query=Domino's%20Pizza&query_place_id=ChIJfaghhZxcwokR_snRiiWS6B4
Domino's Pizza,3.7,595,409 W 125th St,New York,New York,US,https://www.dominos.com/en/?utm_source=google&utm_medium=loclist&utm_campaign=localmaps,(212) 280-3200,Pizza delivery,https://www.google.com/maps/search/?api=1&query=Domino's%20Pizza&query_place_id=ChIJ06XraGv2wokRx0VQxJ76yYM
Domino's Pizza,3.5,418,1988 Amsterdam Ave,New York,New York,US,https://www.dominos.com/en/?redirect=homepage&utm_source=google&utm_medium=loclist&utm_campaign=localmaps,(212) 923-3030,Pizza delivery,https://www.google.com/maps/search/?api=1&query=Domino's%20Pizza&query_place_id=ChIJmTXX9oP2wokR2MvyxYOfF-8
Domino's Pizza,2.1,1446,2075 Jerome Ave,Bronx,New York,US,https://www.dominos.com/en/?utm_source=google&utm_medium=loclist&utm_campaign=localmaps,(718) 365-3599,Pizza delivery,https://www.google.com/maps/search/?api=1&query=Domino's%20Pizza&query_place_id=ChIJ7Vr5JXL0wokRcENhDKEjpnA
Domino's Pizza,2.4,897,1208 Neptune Ave,Brooklyn,New York,US,https://www.dominos.com/en/?utm_source=google&utm_medium=loclist&utm_campaign=localmaps,(718) 265-5600,Pizza delivery,https://www.google.com/maps/search/?api=1&query=Domino's%20Pizza&query_place_id=ChIJ6RKwA0tEwokR0lgd0mQ8uQ8
Domino's Pizza,2.1,978,1351 Webster Ave,Bronx,New York,US,https://www.dominos.com/en/?utm_source=google&utm_medium=loclist&utm_campaign=localmaps,(718) 537-4700,Pizza delivery,https://www.google.com/maps/search/?api=1&query=Domino's%20Pizza&query_place_id=ChIJjX6FXUb0wokR1UTmBFmB4VA
Domino's Pizza,2.8,702,131-31 Merrick Blvd,Jamaica,New York,US,https://www.dominos.com/en/?utm_source=google&utm_medium=loclist&utm_campaign=localmaps,(718) 723-3000,Pizza delivery,https://www.google.com/maps/search/?api=1&query=Domino's%20Pizza&query_place_id=ChIJRYY1BLJmwokRU70r3G12-gw
Domino's Pizza,2.8,319,220 E 161st St Ste C,Bronx,New York,US,https://www.dominos.com/en/?redirect=homepage&utm_source=google&utm_medium=loclist&utm_campaign=localmaps,(917) 688-3778,Pizza delivery,https://www.google.com/maps/search/?api=1&query=Domino's%20Pizza&query_place_id=ChIJyxOH0cz1wokRsR6EZgkBpdc
Domino's Pizza,2.8,492,954 Nostrand Ave,Brooklyn,New York,US,https://www.dominos.com/en/?utm_source=google&utm_medium=loclist&utm_campaign=localmaps,(718) 778-0110,Pizza delivery,https://www.google.com/maps/search/?api=1&query=Domino's%20Pizza&query_place_id=ChIJPVmUI3FbwokRMYowKNdtIro
Domino's Pizza,3.6,424,2554 Adam Clayton Powell Jr Blvd,New York,New York,US,https://www.dominos.com/en/?utm_source=google&utm_medium=loclist&utm_campaign=localmaps,(212) 283-1100,Pizza delivery,https://www.google.com/maps/search/?api=1&query=Domino's%20Pizza&query_place_id=ChIJ_7z4On_2wokRNKRJ8BFZ0x4
Domino Supermarket,3.8,855,1824 Kings Hwy,Brooklyn,New York,US,https://domino-supermarket.square.site/,(718) 627-4008,Supermarket,https://www.google.com/maps/search/?api=1&query=Domino%20Supermarket&query_place_id=ChIJV7BENZREwokR9JH7y3Hf9AM
Domino's Pizza,2.5,643,3025 Third Ave,Bronx,New York,US,https://www.dominos.com/en/?utm_source=google&utm_medium=loclist&utm_campaign=localmaps,(718) 401-3800,Pizza delivery,https://www.google.com/maps/search/?api=1&query=Domino's%20Pizza&query_place_id=ChIJMzSqmMn1wokR253ZIp6d7tA
Domino's Pizza,2.6,501,7722 13th Ave,Brooklyn,New York,US,https://www.dominos.com/en/?utm_source=google&utm_medium=loclist&utm_campaign=localmaps,(718) 833-9222,Pizza delivery,https://www.google.com/maps/search/?api=1&query=Domino's%20Pizza&query_place_id=ChIJ5U3H9WpFwokRfONWAwJfSqI
Domino's Pizza,2.9,101,775 Flatbush Ave,Brooklyn,New York,US,https://www.dominos.com/,(718) 928-2600,Pizza delivery,https://www.google.com/maps/search/?api=1&query=Domino's%20Pizza&query_place_id=ChIJ7etfyd9bwokRpYNnIbenWPE
Domino's Pizza,2.4,606,3611 Kingsbridge Ave,Bronx,New York,US,https://www.dominos.com/en/?utm_source=google&utm_medium=loclist&utm_campaign=localmaps,(718) 601-3030,Pizza delivery,https://www.google.com/maps/search/?api=1&query=Domino's%20Pizza&query_place_id=ChIJAZrmH73zwokRFXt0MN9GI7k
Domino's Pizza,2.6,363,9105 4th Ave,Brooklyn,New York,US,https://www.dominos.com/en/?utm_source=google&utm_medium=loclist&utm_campaign=localmaps,(718) 748-7879,Pizza delivery,https://www.google.com/maps/search/?api=1&query=Domino's%20Pizza&query_place_id=ChIJF7Pe_GFFwokREWohbGqQ2ng
Domino's Pizza,2.3,651,1111 Pennsylvania Ave,Brooklyn,New York,US,https://www.dominos.com/en/?utm_source=google&utm_medium=loclist&utm_campaign=localmaps,(718) 272-1212,Pizza delivery,https://www.google.com/maps/search/?api=1&query=Domino's%20Pizza&query_place_id=ChIJETUy6AJdwokRokYhwpcLV3I
Domino's Pizza,3.3,378,1300 Hylan Blvd,Staten Island,New York,US,https://www.dominos.com/en/?utm_source=google&utm_medium=loclist&utm_campaign=localmaps,(718) 667-1900,Pizza delivery,https://www.google.com/maps/search/?api=1&query=Domino's%20Pizza&query_place_id=ChIJ91OIL-ROwokR6hM5B5T62xU
Domino's Pizza,2.6,682,2025-2027 Westchester Ave,Bronx,New York,US,https://www.dominos.com/en/?utm_source=google&utm_medium=loclist&utm_campaign=localmaps,(718) 518-8770,Pizza delivery,https://www.google.com/maps/search/?api=1&query=Domino's%20Pizza&query_place_id=ChIJXTcxje_0wokRW3ixviRRGlY
Domino's Pizza,3.6,1080,227 W 40th St,New York,New York,US,https://www.dominos.com/en/?utm_source=google&utm_medium=loclist&utm_campaign=localmaps,(212) 944-0400,Pizza delivery,https://www.google.com/maps/search/?api=1&query=Domino's%20Pizza&query_place_id=ChIJ6_O1p6xZwokRfnGtfcNyOxU
Domino's Pizza,3.4,590,32-17 Junction Blvd,Jackson Heights,New York,US,https://www.dominos.com/en/?utm_source=google&utm_medium=loclist&utm_campaign=localmaps,(718) 458-3030,Pizza delivery,https://www.google.com/maps/search/?api=1&query=Domino's%20Pizza&query_place_id=ChIJa1Lin71fwokRpqpX_XJ-pLo
Domino's Pizza,2.4,759,1216 Cortelyou Rd,Brooklyn,New York,US,https://www.dominos.com/en/?utm_source=google&utm_medium=loclist&utm_campaign=localmaps,(718) 692-0900,Pizza delivery,https://www.google.com/maps/search/?api=1&query=Domino's%20Pizza&query_place_id=ChIJbQ3ORjFbwokRt0iPVVu9mv0
Domino's Pizza,2.5,702,1758 Pitkin Ave,Brooklyn,New York,US,https://www.dominos.com/en/?utm_source=google&utm_medium=loclist&utm_campaign=localmaps,(718) 385-4545,Pizza delivery,https://www.google.com/maps/search/?api=1&query=Domino's%20Pizza&query_place_id=ChIJw-NjmF5cwokR0IBNFThAQFs
Domino's Pizza,2.4,78,4697 Third Ave,Bronx,New York,US,https://www.dominos.com/en/?redirect=homepage&utm_source=google&utm_medium=loclist&utm_campaign=localmaps,(929) 989-3031,Pizza restaurant,https://www.google.com/maps/search/?api=1&query=Domino's%20Pizza&query_place_id=ChIJ12aAGX31wokRu-9pjGm9wec
Domino's Pizza,3.2,406,3706 E Tremont Ave,Bronx,New York,US,https://www.dominos.com/en/?utm_source=google&utm_medium=loclist&utm_campaign=localmaps,(718) 430-9300,Pizza delivery,https://www.google.com/maps/search/?api=1&query=Domino's%20Pizza&query_place_id=ChIJgeIIlj6LwokRRrLplLBsefA
Domino's Pizza,2.2,649,2553 Steinway St,Astoria,New York,US,https://www.dominos.com/en/?utm_source=google&utm_medium=loclist&utm_campaign=localmaps,(718) 545-3030,Pizza delivery,https://www.google.com/maps/search/?api=1&query=Domino's%20Pizza&query_place_id=ChIJvST5JkBfwokR9-KsItsY_1w
Domino's Pizza,2.9,609,524 Beach 20th St,Far Rockaway,New York,US,https://www.dominos.com/en/?utm_source=google&utm_medium=loclist&utm_campaign=localmaps,(718) 337-7100,Pizza delivery,https://www.google.com/maps/search/?api=1&query=Domino's%20Pizza&query_place_id=ChIJ6_9oXqlowokRZfkBsKytSmY
Domino's Pizza,3.4,308,440 E 14th St,New York,New York,US,https://www.dominos.com/en/?utm_source=google&utm_medium=loclist&utm_campaign=localmaps,(212) 473-3030,Pizza delivery,https://www.google.com/maps/search/?api=1&query=Domino's%20Pizza&query_place_id=ChIJpwr62XVZwokREW8H9uOnmJY
Domino's Pizza,3.3,595,150-29 Cross Bay Blvd,Howard Beach,New York,US,https://www.dominos.com/en/?utm_source=google&utm_medium=loclist&utm_campaign=localmaps,(718) 738-2424,Pizza delivery,https://www.google.com/maps/search/?api=1&query=Domino's%20Pizza&query_place_id=ChIJrW1F4IldwokRMWJbs6o4yrw
Domino's Pizza,2.7,702,921 E Tremont Ave Ste A,Bronx,New York,US,https://www.dominos.com/en/?utm_source=google&utm_medium=loclist&utm_campaign=localmaps,(718) 542-4993,Pizza delivery,https://www.google.com/maps/search/?api=1&query=Domino's%20Pizza&query_place_id=ChIJy7OCeYv0wokRzRvj0SDsMDE
Domino's Pizza,3.4,415,738 Morris Park Ave,Bronx,New York,US,https://www.dominos.com/en/?utm_source=google&utm_medium=loclist&utm_campaign=localmaps,(718) 822-6010,Pizza delivery,https://www.google.com/maps/search/?api=1&query=Domino's%20Pizza&query_place_id=ChIJzUjTZ730wokRgCWccWozTxc
Domino's Pizza,2.9,648,1555 Nostrand Ave,Brooklyn,New York,US,https://www.dominos.com/en/?utm_source=google&utm_medium=loclist&utm_campaign=localmaps,(718) 826-3030,Pizza delivery,https://www.google.com/maps/search/?api=1&query=Domino's%20Pizza&query_place_id=ChIJo5OaPUNbwokRVgz1xo9KN8s
Domino's Pizza,2.4,859,2196 Pitkin Ave,Brooklyn,New York,US,https://www.dominos.com/en/?utm_source=google&utm_medium=loclist&utm_campaign=localmaps,(718) 495-4441,Pizza delivery,https://www.google.com/maps/search/?api=1&query=Domino's%20Pizza&query_place_id=ChIJWWs6hFJcwokRdMytjZoK1oo
Domino's Pizza,2.8,628,90-45 Corona Ave.,Elmhurst,New York,US,https://www.dominos.com/en/?utm_source=google&utm_medium=loclist&utm_campaign=localmaps,(718) 457-3030,Pizza delivery,https://www.google.com/maps/search/?api=1&query=Domino's%20Pizza&query_place_id=ChIJ32Mwq7NfwokRZ0fSEHx8LeE
Domino's Pizza,2.9,518,3901 4th Ave,Brooklyn,New York,US,https://www.dominos.com/en/?utm_source=google&utm_medium=loclist&utm_campaign=localmaps,(718) 633-3733,Pizza delivery,https://www.google.com/maps/search/?api=1&query=Domino's%20Pizza&query_place_id=ChIJyW7je8dawokRWnIPR-4iPGE
Domino's Pizza,2.0,715,241 Rockaway Pkwy,Brooklyn,New York,US,https://www.dominos.com/en/?utm_source=google&utm_medium=loclist&utm_campaign=localmaps,(718) 756-5666,Pizza delivery,https://www.google.com/maps/search/?api=1&query=Domino's%20Pizza&query_place_id=ChIJvcQZxY5cwokRjGp5FKLeJj8
Domino's Pizza,2.5,568,1468 Westchester Ave,Bronx,New York,US,https://www.dominos.com/en/?utm_source=google&utm_medium=loclist&utm_campaign=localmaps,(718) 893-1777,Pizza delivery,https://www.google.com/maps/search/?api=1&query=Domino's%20Pizza&query_place_id=ChIJObaza_r0wokRzZu9iBka0s4
Domino's Pizza,3.1,600,6314 Queens Blvd,Woodside,New York,US,https://www.dominos.com/en/?utm_source=google&utm_medium=loclist&utm_campaign=localmaps,(718) 898-3890,Pizza delivery,https://www.google.com/maps/search/?api=1&query=Domino's%20Pizza&query_place_id=ChIJpTAwIeNewokROZVFz-v7s5s
Domino's Pizza,3.2,996,125-21 Rockaway Blvd,South Ozone Park,New York,US,https://www.dominos.com/en/?utm_source=google&utm_medium=loclist&utm_campaign=localmaps,(718) 835-3030,Pizza delivery,https://www.google.com/maps/search/?api=1&query=Domino's%20Pizza&query_place_id=ChIJI2bLGzxnwokR7TEomOxlh8g
Domino's Pizza,2.7,396,315 E 204th St,Bronx,New York,US,https://www.dominos.com/en/?redirect=homepage&utm_source=google&utm_medium=loclist&utm_campaign=localmaps,(718) 734-2666,Pizza delivery,https://www.google.com/maps/search/?api=1&query=Domino's%20Pizza&query_place_id=ChIJxzzf73HzwokR8IP0pK2ob_A
Domino's Pizza,2.6,894,149-07 Northern Blvd,Flushing,New York,US,https://www.dominos.com/en/?utm_source=google&utm_medium=loclist&utm_campaign=localmaps,(718) 461-6500,Pizza delivery,https://www.google.com/maps/search/?api=1&query=Domino's%20Pizza&query_place_id=ChIJgZN4IiJgwokRy4YIkSN2_SM
Domino's Pizza,3.2,333,2721 Bronxwood Ave,Bronx,New York,US,https://www.dominos.com/en/?redirect=homepage&utm_source=google&utm_medium=loclist&utm_campaign=localmaps,(347) 712-3311,Pizza delivery,https://www.google.com/maps/search/?api=1&query=Domino's%20Pizza&query_place_id=ChIJj_HzLUPzwokRfoU1W48AWTg
Domino's Pizza,3.3,333,95-28 Queens Blvd,Rego Park,New York,US,https://www.dominos.com/en/?utm_source=google&utm_medium=loclist&utm_campaign=localmaps,(718) 896-1717,Pizza delivery,https://www.google.com/maps/search/?api=1&query=Domino's%20Pizza&query_place_id=ChIJOQmTtjdewokRu-ZWZKF4MfI
Domino's Pizza,3.1,362,1993 3rd Ave,New York,New York,US,https://www.dominos.com/en/?utm_source=google&utm_medium=loclist&utm_campaign=localmaps,(212) 831-0300,Pizza delivery,https://www.google.com/maps/search/?api=1&query=Domino's%20Pizza&query_place_id=ChIJtd5s9gP2wokRojUbbmAaDlg
Domino's Pizza,2.2,668,3484 Boston Rd,Bronx,New York,US,https://www.dominos.com/en/?utm_source=google&utm_medium=loclist&utm_campaign=localmaps,(718) 671-5155,Pizza delivery,https://www.google.com/maps/search/?api=1&query=Domino's%20Pizza&query_place_id=ChIJZbMZ-tCMwokRzy9w8yQMp-w
Domino's Pizza,3.4,202,1396 1st Ave.,New York,New York,US,https://www.dominos.com/en/?utm_source=google&utm_medium=loclist&utm_campaign=localmaps,(212) 772-8100,Pizza delivery,https://www.google.com/maps/search/?api=1&query=Domino's%20Pizza&query_place_id=ChIJkRe1xsBYwokRE81ScJ9S4mA
Domino's Pizza,3.4,72,172 New Dorp Ln,Staten Island,New York,US,https://www.dominos.com/en/?redirect=homepage&utm_source=google&utm_medium=loclist&utm_campaign=localmaps,(929) 425-1800,Pizza delivery,https://www.google.com/maps/search/?api=1&query=Domino's%20Pizza&query_place_id=ChIJXWWbrUVJwokRq0bm1l5zTx8
Domino's Pizza,3.3,468,153 E 116th St,New York,New York,US,https://www.dominos.com/en/?utm_source=google&utm_medium=loclist&utm_campaign=localmaps,(212) 831-1024,Pizza delivery,https://www.google.com/maps/search/?api=1&query=Domino's%20Pizza&query_place_id=ChIJtVYWqAj2wokRwgDGuzoGoQc
Domino's Pizza,2.5,500,3869 White Plains Rd,Bronx,New York,US,https://www.dominos.com/en/?utm_source=google&utm_medium=loclist&utm_campaign=localmaps,(718) 653-4618,Pizza delivery,https://www.google.com/maps/search/?api=1&query=Domino's%20Pizza&query_place_id=ChIJuxkS1j_zwokR30ozFHYdhqk
Domino's Pizza,3.6,252,1841 1st Ave.,New York,New York,US,https://www.dominos.com/en/?utm_source=google&utm_medium=loclist&utm_campaign=localmaps,(212) 996-7800,Pizza delivery,https://www.google.com/maps/search/?api=1&query=Domino's%20Pizza&query_place_id=ChIJNR5Ks6RYwokR0a_d94pOJtg
Domino's Pizza,3.3,215,3902 Richmond Ave,Staten Island,New York,US,https://www.dominos.com/en/?utm_source=google&utm_medium=loclist&utm_campaign=localmaps,(718) 227-1900,Pizza delivery,https://www.google.com/maps/search/?api=1&query=Domino's%20Pizza&query_place_id=ChIJv3p4S1NKwokRynWvwHzrE5E
Domino's Pizza,3.4,252,943 1st Ave.,New York,New York,US,https://www.dominos.com/en/?utm_source=google&utm_medium=loclist&utm_campaign=localmaps,(212) 759-6600,Pizza delivery,https://www.google.com/maps/search/?api=1&query=Domino's%20Pizza&query_place_id=ChIJKwxI1eNYwokRm3xaHqGXSLc
Domino's Pizza,2.2,720,183 Graham Ave,Brooklyn,New York,US,https://www.dominos.com/en/?utm_source=google&utm_medium=loclist&utm_campaign=localmaps,(718) 302-2400,Pizza delivery,https://www.google.com/maps/search/?api=1&query=Domino's%20Pizza&query_place_id=ChIJi2_juP1bwokR8j3RNWVOlLo
Domino's Pizza,2.9,596,815 Onderdonk Ave,Ridgewood,New York,US,https://www.dominos.com/en/?utm_source=google&utm_medium=loclist&utm_campaign=localmaps,(718) 326-8686,Pizza delivery,https://www.google.com/maps/search/?api=1&query=Domino's%20Pizza&query_place_id=ChIJAcM-BCdcwokRXyIxmo58SRE
Domino's Pizza,3.1,294,9614 Metropolitan Ave,Forest Hills,New York,US,https://www.dominos.com/en/?utm_source=google&utm_medium=loclist&utm_campaign=localmaps,(718) 793-2024,Pizza delivery,https://www.google.com/maps/search/?api=1&query=Domino's%20Pizza&query_place_id=ChIJ15iN5xBewokRPQhqP-HE3XI
Domino's Pizza,3.0,257,464 3rd Ave,New York,New York,US,https://www.dominos.com/en/?utm_source=google&utm_medium=loclist&utm_campaign=localmaps,(212) 545-0200,Pizza delivery,https://www.google.com/maps/search/?api=1&query=Domino's%20Pizza&query_place_id=ChIJE2v3hAhZwokRsu9nGqIwzLk
Domino's Pizza,2.5,529,1479 Fulton St,Brooklyn,New York,US,https://www.dominos.com/en/?utm_source=google&utm_medium=loclist&utm_campaign=localmaps,+1 718-221-4800,Pizza delivery,https://www.google.com/maps/search/?api=1&query=Domino's%20Pizza&query_place_id=ChIJN2ONVY9bwokRcz7AUR4UoKs
Domino's Pizza,2.6,575,1544 Broadway,Brooklyn,New York,US,https://www.dominos.com/en/?redirect=homepage&utm_source=google&utm_medium=loclist&utm_campaign=localmaps,+1 347-657-7577,Pizza delivery,https://www.google.com/maps/search/?api=1&query=Domino's%20Pizza&query_place_id=ChIJlaf_M2tcwokRBwRvJPdK-4U
Domino's Pizza,3.9,391,592 Columbus Ave,New York,New York,US,https://www.dominos.com/en/?utm_source=google&utm_medium=loclist&utm_campaign=localmaps,+1 212-496-5900,Pizza delivery,https://www.google.com/maps/search/?api=1&query=Domino's%20Pizza&query_place_id=ChIJoRZ9rJxYwokRDgkY9pVD_ZA
Domino's Pizza,2.8,308,554 5th Ave,Brooklyn,New York,US,https://www.dominos.com/en/?utm_source=google&utm_medium=loclist&utm_campaign=localmaps,+1 718-972-3733,Pizza delivery,https://www.google.com/maps/search/?api=1&query=Domino's%20Pizza&query_place_id=ChIJCUn3meRawokRl5j_BDzJYQA
Domino's Pizza,3.3,314,965 Amsterdam Ave,New York,New York,US,https://www.dominos.com/en/?utm_source=google&utm_medium=loclist&utm_campaign=localmaps,+1 212-222-2000,Pizza delivery,https://www.google.com/maps/search/?api=1&query=Domino's%20Pizza&query_place_id=ChIJUbCRUCP2wokRuCKX7ArKohA
Domino's Pizza,2.3,447,364 Bay St,Staten Island,New York,US,https://www.dominos.com/en/?utm_source=google&utm_medium=loclist&utm_campaign=localmaps,(718) 273-4848,Pizza delivery,https://www.google.com/maps/search/?api=1&query=Domino's%20Pizza&query_place_id=ChIJiyStOs1PwokRgg2zo-NkajY
Domino's Pizza,2.9,268,1785 Victory Blvd,Staten Island,New York,US,https://www.dominos.com/en/?utm_source=google&utm_medium=loclist&utm_campaign=localmaps,(718) 208-4900,Pizza delivery,https://www.google.com/maps/search/?api=1&query=Domino's%20Pizza&query_place_id=ChIJbWntxIFOwokRTPq8Kjb_HLE
Domino's Pizza,3.6,52,6410 Amboy Rd,Staten Island,New York,US,https://www.dominos.com/en/?redirect=homepage&utm_source=google&utm_medium=loclist&utm_campaign=localmaps,(347) 705-7411,Pizza delivery,https://www.google.com/maps/search/?api=1&query=Domino's%20Pizza&query_place_id=ChIJjYtPi7NLwokR0KStPUc2hUI
Domino's Pizza,2.2,488,686c Nereid Ave,Bronx,New York,US,https://www.dominos.com/en/?utm_source=google&utm_medium=loclist&utm_campaign=localmaps,(718) 882-4393,Pizza delivery,https://www.google.com/maps/search/?api=1&query=Domino's%20Pizza&query_place_id=ChIJf38C69nywokRgQgdPbaMmdE
Domino's Pizza,3.6,380,170 W 23rd St,New York,New York,US,https://www.dominos.com/en/?utm_source=google&utm_medium=loclist&utm_campaign=localmaps,(212) 243-5700,Pizza delivery,https://www.google.com/maps/search/?api=1&query=Domino's%20Pizza&query_place_id=ChIJfTNUMLtZwokRD2OS-fD0Rzk
Domino's Pizza,3.4,154,16 W 8th St,New York,New York,US,https://www.dominos.com/en/?utm_source=google&utm_medium=loclist&utm_campaign=localmaps,(212) 353-3100,Pizza delivery,https://www.google.com/maps/search/?api=1&query=Domino's%20Pizza&query_place_id=ChIJzd2ZK5dZwokRx1Hjc25h0O8
Domino's Pizza,3.5,294,148 W 72nd St,New York,New York,US,https://www.dominos.com/en/?utm_source=google&utm_medium=loclist&utm_campaign=localmaps,(212) 501-0200,Pizza delivery,https://www.google.com/maps/search/?api=1&query=Domino's%20Pizza&query_place_id=ChIJw0sFSYpYwokR2Ym0sOoTobQ
Domino's Pizza,3.5,342,181 Church St,New York,New York,US,https://www.dominos.com/en/?utm_source=google&utm_medium=loclist&utm_campaign=localmaps,(212) 566-8888,Pizza delivery,https://www.google.com/maps/search/?api=1&query=Domino's%20Pizza&query_place_id=ChIJu2SsZR9awokRrh6DGLIho-M
Domino's Pizza,3.2,320,196 Stanton St,New York,New York,US,https://www.dominos.com/en/?utm_source=google&utm_medium=loclist&utm_campaign=localmaps,(212) 677-7776,Pizza delivery,https://www.google.com/maps/search/?api=1&query=Domino's%20Pizza&query_place_id=ChIJtbIjdYRZwokRzH2Hm_AW0co
Domino's Pizza,3.7,201,45 Catherine St,New York,New York,US,https://www.dominos.com/en/?utm_source=google&utm_medium=loclist&utm_campaign=localmaps,(212) 802-4444,Pizza delivery,https://www.google.com/maps/search/?api=1&query=Domino's%20Pizza&query_place_id=ChIJSz1L2yVawokRXfTPtGqmZLY
Domino's Pizza,3.1,417,1430 Richmond Ave,Staten Island,New York,US,https://www.dominos.com/en/?utm_source=google&utm_medium=loclist&utm_campaign=localmaps,(718) 370-2000,Pizza delivery,https://www.google.com/maps/search/?api=1&query=Domino's%20Pizza&query_place_id=ChIJ7yTx2E9MwokRvqx0V6gN8FM
Domino's Pizza,3.2,341,3626 Bell Blvd,Bayside,New York,US,https://www.dominos.com/en/?utm_source=google&utm_medium=loclist&utm_campaign=localmaps,(718) 225-7575,Pizza delivery,https://www.google.com/maps/search/?api=1&query=Domino's%20Pizza&query_place_id=ChIJt8kh4nSKwokRkFnp_n10joU
Domino's Pizza,2.4,752,188-07 Union Tpke,Fresh Meadows,New York,US,https://www.dominos.com/en/?utm_source=google&utm_medium=loclist&utm_campaign=localmaps,(718) 776-0330,Pizza delivery,https://www.google.com/maps/search/?api=1&query=Domino's%20Pizza&query_place_id=ChIJwQHXWqZhwokR3FHHJRAT8XM
Domino's Pizza,3.3,622,7802 Jamaica Ave,Woodhaven,New York,US,https://www.dominos.com/en/?utm_source=google&utm_medium=loclist&utm_campaign=localmaps,(718) 296-0303,Pizza delivery,https://www.google.com/maps/search/?api=1&query=Domino's%20Pizza&query_place_id=ChIJl15tEuddwokRWW9tF2Esht0
My Pizza and Restaurant,4.0,510,755 Targee St,Staten Island,New York,US,https://mypizzany.com/,(718) 720-7777,Pizza delivery,https://www.google.com/maps/search/?api=1&query=My%20Pizza%20and%20Restaurant&query_place_id=ChIJ7ZWPzflOwokRqwoWrGmT3dg
Domino's Pizza,2.7,588,10962 Francis Lewis Blvd,Queens Village,New York,US,https://www.dominos.com/en/?utm_source=google&utm_medium=loclist&utm_campaign=localmaps,+1 718-776-3030,Pizza delivery,https://www.google.com/maps/search/?api=1&query=Domino's%20Pizza&query_place_id=ChIJn5wQe2FhwokRBG8fgJhubPc
Domino's Pizza,2.9,757,109-50 Merrick Blvd,Queens,New York,US,https://www.dominos.com/en/?utm_source=google&utm_medium=loclist&utm_campaign=localmaps,+1 718-658-4200,Pizza delivery,https://www.google.com/maps/search/?api=1&query=Domino's%20Pizza&query_place_id=ChIJ4Ur7hSZhwokRMQMUk1GAYwQ
Domino's Pizza,3.1,509,13857 Queens Blvd,Jamaica,New York,US,https://www.dominos.com/en/?utm_source=google&utm_medium=loclist&utm_campaign=localmaps,+1 718-739-3334,Pizza delivery,https://www.google.com/maps/search/?api=1&query=Domino's%20Pizza&query_place_id=ChIJgwFDucBgwokRl5XUw83LgQE
Domino's Pizza,2.8,698,8717 Lefferts Blvd,Richmond Hill,New York,US,https://www.dominos.com/en/?redirect=homepage&utm_source=google&utm_medium=loclist&utm_campaign=localmaps,+1 347-644-2844,Pizza delivery,https://www.google.com/maps/search/?api=1&query=Domino's%20Pizza&query_place_id=ChIJs1ruHK5gwokRHlMPQNuavdA
Domenico's Pizza & Pasta,4.2,219,5838 Amboy Rd,Staten Island,New York,US,https://www.domenicospizzeriamenu.com/?utm_source=gbp,(718) 966-0114,Pizza restaurant,https://www.google.com/maps/search/?api=1&query=Domenico's%20Pizza%20%26%20Pasta&query_place_id=ChIJwQP44bhKwokRWXS0Y30NbEQ
Domino's Pizza,2.6,381,146 Smith St,Brooklyn,New York,US,https://www.dominos.com/en/?utm_source=google&utm_medium=loclist&utm_campaign=localmaps,(718) 596-7000,Pizza delivery,https://www.google.com/maps/search/?api=1&query=Domino's%20Pizza&query_place_id=ChIJk8uR31FawokRjV5X7iWj4aU
Domino's Pizza,2.4,570,886 Dekalb Ave,Brooklyn,New York,US,https://www.dominos.com/en/?redirect=homepage&utm_source=google&utm_medium=loclist&utm_campaign=localmaps,(917) 909-6464,Pizza delivery,https://www.google.com/maps/search/?api=1&query=Domino's%20Pizza&query_place_id=ChIJY3CUYPRbwokRCYlSWA3M3EU
Domino's Pizza,2.6,451,328 Myrtle Ave,Brooklyn,New York,US,https://www.dominos.com/en/?utm_source=google&utm_medium=loclist&utm_campaign=localmaps,(718) 522-3733,Pizza delivery,https://www.google.com/maps/search/?api=1&query=Domino's%20Pizza&query_place_id=ChIJk14KuLdbwokRaJ4QwB3yHcY
Pino's Pizzeria,4.3,144,1026 Rossville Ave,Staten Island,New York,US,https://www.orderpinospizzeriamenu.com/,(718) 966-9486,Pizza delivery,https://www.google.com/maps/search/?api=1&query=Pino's%20Pizzeria&query_place_id=ChIJo6qdgClLwokR-wRywRKX-mA
Domino's Pizza,3.6,352,247-22 S Conduit Ave,Rosedale,New York,US,https://www.dominos.com/en/?redirect=homepage&utm_source=google&utm_medium=loclist&utm_campaign=localmaps,(718) 717-8877,Pizza delivery,https://www.google.com/maps/search/?api=1&query=Domino's%20Pizza&query_place_id=ChIJoevJWhFkwokREsVcV4t_YLE
Artichoke,1.6,142,"John F. Kennedy International Airport, Terminal 5",Queens,NY,US,,(866) 508-3558,Pizza restaurant,https://www.google.com/maps/search/?api=1&query=Artichoke&query_place_id=ChIJVzXoFHZnwokRrwIbg5QY7yg
Pizza Twist,3.6,310,259 Hillside Ave. Suite 7,Queens,New York,US,https://order.online/online-ordering/business/-71389/,(516) 865-6555,Pizza restaurant,https://www.google.com/maps/search/?api=1&query=Pizza%20Twist&query_place_id=ChIJ36FFiwBjwokRrf6w9ExP-oo
Angelo's Pizza,4.0,407,39-03 103rd St,Queens,New York,US,https://www.angelospizzacoronamenu.com/,(718) 335-8637,Pizza delivery,https://www.google.com/maps/search/?api=1&query=Angelo's%20Pizza&query_place_id=ChIJn4aZBsdfwokRieuEva1_gMY
Corona Pizza,4.3,465,5123 108th St,Queens,New York,US,http://www.coronapizzamenu.com/?utm_source=gbp,(718) 271-3736,Pizza delivery,https://www.google.com/maps/search/?api=1&query=Corona%20Pizza&query_place_id=ChIJG891Oc5fwokRqPrx5jbE-Ss
Venice Pizza,4.4,91,41-94 Bowne St,Queens,New York,US,,(718) 539-0104,Pizza restaurant,https://www.google.com/maps/search/?api=1&query=Venice%20Pizza&query_place_id=ChIJy4y6mxZgwokRikN2-LyiHRQ
Papa Johns Pizza,3.6,272,99-06 Northern Blvd Ste 1,Corona,New York,US,https://locations.papajohns.com/united-states/ny/11368/corona/99-06-northern-blvd?utm_source=gmb&utm_medium=organic&y_source=1_MTA2OTI2NDktNzE1LWxvY2F0aW9uLndlYnNpdGU%3D,(718) 507-7991,Pizza restaurant,https://www.google.com/maps/search/?api=1&query=Papa%20Johns%20Pizza&query_place_id=ChIJodjzOL5fwokR8P-VMLglVKI
Pizza on the Point,4.0,38,202-20 Rockaway Point Blvd,Queens,New York,US,http://www.pizzaonthepoint.nyc/,(718) 634-0100,Pizza restaurant,https://www.google.com/maps/search/?api=1&query=Pizza%20on%20the%20Point&query_place_id=ChIJ9WHIk0RDwokRepvvClAy9Ss
DiVino Pizzeria Restaurant,4.4,910,164-02 Cross Bay Blvd,Queens,New York,US,http://www.divinospizzeria.com/,(718) 738-2005,Pizza restaurant,https://www.google.com/maps/search/?api=1&query=DiVino%20Pizzeria%20Restaurant&query_place_id=ChIJ8S1cMoFnwokRvfkSNGyt_6w
Papa Johns Pizza,3.3,188,2175 Hylan Blvd./ Midland,Staten Island,NY,US,https://locations.papajohns.com/united-states/ny/10306/staten-island/2175-hylan-blvd/-midland?utm_source=gmb&utm_medium=organic&y_source=1_MTA2OTI2NTgtNzE1LWxvY2F0aW9uLndlYnNpdGU%3D,(718) 667-3202,Pizza restaurant,https://www.google.com/maps/search/?api=1&query=Papa%20Johns%20Pizza&query_place_id=ChIJeTtgs7VOwokRkO1cO41Abhs
Pizza Hut,3.3,779,1501 Pitkin Ave,Brooklyn,New York,US,https://locations.pizzahut.com/ny/brooklyn/1501-pitkin-ave?utm_medium=organic&utm_source=local&utm_campaign=googlelistings&utm_content=website&utm_term=310979,(718) 922-6532,Pizza delivery,https://www.google.com/maps/search/?api=1&query=Pizza%20Hut&query_place_id=ChIJrSc3hmFcwokRH26i5ngctPw
Papa Johns Pizza,3.2,164,19318 Northern Blvd,Flushing,New York,US,https://locations.papajohns.com/united-states/ny/11358/flushing/19318-northern-blvd?utm_source=gmb&utm_medium=organic&y_source=1_MTA2OTI2MzItNzE1LWxvY2F0aW9uLndlYnNpdGU%3D,(718) 224-3311,Pizza restaurant,https://www.google.com/maps/search/?api=1&query=Papa%20Johns%20Pizza&query_place_id=ChIJLces2d9hwokRaCJ4qlewVaw
Papa Johns Pizza,3.7,260,14714 45th Ave,Flushing,New York,US,https://locations.papajohns.com/united-states/ny/11355/flushing/14714-45th-ave?utm_source=gmb&utm_medium=organic&y_source=1_MTA2OTI2NDYtNzE1LWxvY2F0aW9uLndlYnNpdGU%3D,(718) 463-7272,Pizza restaurant,https://www.google.com/maps/search/?api=1&query=Papa%20Johns%20Pizza&query_place_id=ChIJz_KuhD5gwokR_AmhAlYjvZk
Blaze Pizza,4.3,871,187-12 Horace Harding Expy,Fresh Meadows,New York,US,https://locations.blazepizza.com/ny/fresh-meadows/187-12-horace-harding-expressway?utm_source=gmb&utm_medium=yext,(718) 313-4488,Pizza restaurant,https://www.google.com/maps/search/?api=1&query=Blaze%20Pizza&query_place_id=ChIJT2HW0T1hwokRNfG39svPeBo
Capri II Pizzeria,4.1,297,149 Dreiser Loop,Bronx,New York,US,,(718) 671-8511,Pizza restaurant,https://www.google.com/maps/search/?api=1&query=Capri%20II%20Pizzeria&query_place_id=ChIJZa8K_sWMwokR2o7K-21c0Bs
Domino Gourmet Marketplace,4.2,52,317 Wythe Ave,Brooklyn,New York,US,,+1 347-987-3324,Deli,https://www.google.com/maps/search/?api=1&query=Domino%20Gourmet%20Marketplace&query_place_id=ChIJqV71sAdZwokRAATf67qWNZk
Domino Sugar Park,4.7,120,1200 Kent Ave,Brooklyn,New York,US,,,Park and Garden,https://www.google.com/maps/search/?api=1&query=Domino%20Sugar%20Park&query_place_id=ChIJZ_46jThZwokRUnLCe58xZ-8
Domino Clothing,4.3,6,3974 Amboy Rd suite 200,Staten Island,New York,US,,+1 855-725-1172,Clothing Shop,https://www.google.com/maps/search/?api=1&query=Domino%20Clothing&query_place_id=ChIJPw_pltxLwokRqde9BVfHqJA
Pizza Hut,3.2,911,601 Westchester Ave,Bronx,New York,US,https://locations.pizzahut.com/ny/bronx/601-westchester-avenue?utm_medium=organic&utm_source=local&utm_campaign=googlelistings&utm_content=website&utm_term=308816,(718) 585-1401,Pizza delivery,https://www.google.com/maps/search/?api=1&query=Pizza%20Hut&query_place_id=ChIJDQQutrf1wokRfhevrxEKU_A
Domenico's Pizzeria,4.5,147,3295 Amboy Rd,Staten Island,New York,US,http://www.domenicospizzeria.com/,+1 718-351-2100,Pizza restaurant,https://www.google.com/maps/search/?api=1&query=Domenico's%20Pizzeria&query_place_id=ChIJtXfle-hLwokRdZpOw4scVqo
Pizza Hut,3.5,878,22003 Hillside Ave.,Queens Village,New York,US,https://locations.pizzahut.com/ny/queens-village/22003-hillside-ave?utm_medium=organic&utm_source=local&utm_campaign=googlelistings&utm_content=website&utm_term=293845,(718) 776-0606,Pizza delivery,https://www.google.com/maps/search/?api=1&query=Pizza%20Hut&query_place_id=ChIJxQ4sWyhiwokRLGEGKGnj5iQ
Little Caesars Pizza,3.7,420,218-14 Hempstead Ave,Queens Village,New York,US,https://littlecaesars.com/en-us/store/9513,(718) 217-7271,Pizza delivery,https://www.google.com/maps/search/?api=1&query=Little%20Caesars%20Pizza&query_place_id=ChIJu_e3JM5jwokRjBtEWE2AAt0
Papa Johns Pizza,3.1,275,8953 Francis Lewis Blvd,Queens Village,New York,US,https://locations.papajohns.com/united-states/ny/11427/queens-village/8953-francis-lewis-blvd?utm_source=gmb&utm_medium=organic&y_source=1_MTA2OTI2MzUtNzE1LWxvY2F0aW9uLndlYnNpdGU%3D,(718) 264-7272,Pizza restaurant,https://www.google.com/maps/search/?api=1&query=Papa%20Johns%20Pizza&query_place_id=ChIJcXx-hXlhwokRxu8raEC7zus
Slices of Brooklyn,4.1,230,549 Kings Hwy,Brooklyn,New York,US,https://slicesofbrooklyn.com/,(718) 627-9668,Pizza restaurant,https://www.google.com/maps/search/?api=1&query=Slices%20of%20Brooklyn&query_place_id=ChIJ6TkeKPBEwokRRQPlaO4IcJI
La Bella Pizza Express,4.2,587,2178 86th St 2nd Floor,Brooklyn,New York,US,https://www.labellapizzaexpressmenu.com/?utm_source=gbp,(718) 372-2200,Pizza restaurant,https://www.google.com/maps/search/?api=1&query=La%20Bella%20Pizza%20Express&query_place_id=ChIJwW-jIwZFwokRiP2RpIq-WmI
Papa Johns Pizza,3.4,266,189 Avenue U,Brooklyn,New York,US,https://locations.papajohns.com/united-states/ny/11223/brooklyn/189-avenue-u?utm_source=gmb&utm_medium=organic&y_source=1_MTA2OTI2NDItNzE1LWxvY2F0aW9uLndlYnNpdGU%3D,(718) 372-0000,Pizza restaurant,https://www.google.com/maps/search/?api=1&query=Papa%20Johns%20Pizza&query_place_id=ChIJc53ltPhEwokRjQxTbAqLvDc
Rosa's Pizza,4.6,2160,62-65 Fresh Pond Rd,Ridgewood,New York,US,https://www.facebook.com/Rosas-Pizza-621567854592397/,(718) 497-7672,Pizza restaurant,https://www.google.com/maps/search/?api=1&query=Rosa's%20Pizza&query_place_id=ChIJK77vNoVewokRhEjVTZf0FyU
Joey's Pizza,4.3,797,69-07 Grand Ave,Maspeth,New York,US,http://www.joeyspizzeriamaspeth.com/,(718) 779-5880,Pizza restaurant,https://www.google.com/maps/search/?api=1&query=Joey's%20Pizza&query_place_id=ChIJg2hCifNewokRgZeyoDPNgfg
Angelo's Pizza,4.3,114,57-64 Maspeth Ave,Queens,New York,US,http://www.angelosmaspeth.com/?utm_source=gbp,(718) 326-5757,Pizza restaurant,https://www.google.com/maps/search/?api=1&query=Angelo's%20Pizza&query_place_id=ChIJMd0Df5VewokRhiPOm3EMxrc
Bella Donna Pizzeria,4.3,177,6091 54th St,Queens,New York,US,http://www.belladonnapizzeria.com/?utm_source=gbp,(718) 497-1744,Pizza delivery,https://www.google.com/maps/search/?api=1&query=Bella%20Donna%20Pizzeria&query_place_id=ChIJSaiBQ5hewokREqsKrzY0TpI
Pronto Pizza Pasta,3.9,183,3297 Richmond Ave #2137,Staten Island,New York,US,http://www.prontopizzany.com/,(718) 356-2442,Pizza restaurant,https://www.google.com/maps/search/?api=1&query=Pronto%20Pizza%20Pasta&query_place_id=ChIJm4yyNKdLwokRtoMJu0-o14k
Pizza 2 Go,4.3,62,113 E 125th St,New York,New York,US,http://pizzatogomenu.com/,(646) 360-3699,Pizza restaurant,https://www.google.com/maps/search/?api=1&query=Pizza%202%20Go&query_place_id=ChIJcZKHg_73wokRwF6DsmQ_HfE
Custom Entertainment Tables,,0,891 E 134th St,Bronx,New York,US,http://www.flipme.us/contact-us.php,(718) 401-4005,,https://www.google.com/maps/search/?api=1&query=Custom%20Entertainment%20Tables&query_place_id=ChIJs2Sl8pT1wokRY0BYNBGfhFA
Domino Park,4.8,5801,15 River St,Brooklyn,New York,US,,+1 212-484-2700,Park and Garden,https://www.google.com/maps/search/?api=1&query=Domino%20Park&query_place_id=ChIJX7hLk0FZwokRFhRcjtylakg
DOMINO CONVENIENCE INC,4.2,6,234 Kent Ave,Brooklyn,New York,US,,+1 347-392-3400,Supermarket,https://www.google.com/maps/search/?api=1&query=DOMINO%20CONVENIENCE%20INC&query_place_id=ChIJYSMbfoJZwokRQSDIocOQYs0
One Domino Square Condominiums,5.0,3,8 S 4th St,Brooklyn,New York,US,http://www.onedominosquare.com/?utm_source=GMB&utm_medium=OMG,,Apartment building,https://www.google.com/maps/search/?api=1&query=One%20Domino%20Square%20Condominiums&query_place_id=ChIJi8fL6e9bwokRihuVVoGcGEQ
One Domino Square Rental,4.4,7,5 S 5th St,Brooklyn,New York,US,http://www.onedominosquare.com/?utm_source=GMB&utm_medium=OMG,+1 929-207-6135,Apartment building,https://www.google.com/maps/search/?api=1&query=One%20Domino%20Square%20Rental&query_place_id=ChIJmYt52blbwokRdE42oQhQM60
Equinox Domino Showroom,,0,268 Kent Ave,Brooklyn,New York,US,https://www.equinox.com/clubs/new-york/brooklyn/domino&cid=gmb,+1 347-272-1000,Gym,https://www.google.com/maps/search/?api=1&query=Equinox%20Domino%20Showroom&query_place_id=ChIJ23lVb79ZwokRpA7BSeG6q0c
Domino Wine Bar,4.8,48,160 Havemeyer St #5,Brooklyn,New York,US,http://dominowinebarbk.com/,+1 347-457-5154,Wine bar,https://www.google.com/maps/search/?api=1&query=Domino%20Wine%20Bar&query_place_id=ChIJuyNUMkRbwokRnKkIAfZD364
The Modern Chemist - DOMINO,3.8,17,40 S 3rd St,Brooklyn,New York,US,http://tmcstores.com/,+1 718-599-4830,Pharmacy,https://www.google.com/maps/search/?api=1&query=The%20Modern%20Chemist%20-%20DOMINO&query_place_id=ChIJ4yevXV1ZwokRCnIRMyoI1G0
Domino Park Dog Run,4.6,32,15 River St,Brooklyn,New York,US,,,Park and Garden,https://www.google.com/maps/search/?api=1&query=Domino%20Park%20Dog%20Run&query_place_id=ChIJpw9jb8xbwokRCgVIK3jcaSE
Domino bocce courts,4.7,3,15 River St,Brooklyn,New York,US,,,Bocce ball court,https://www.google.com/maps/search/?api=1&query=Domino%20bocce%20courts&query_place_id=ChIJXdu4GlpbwokRWfI4pIhVQFM
Domino Dental - Dr. Lilya Horowitz,4.9,212,121 S 4th St,Brooklyn,New York,US,http://www.domino.dental/,+1 347-762-0454,Dentist,https://www.google.com/maps/search/?api=1&query=Domino%20Dental%20-%20Dr.%20Lilya%20Horowitz&query_place_id=ChIJi7yzdnxbwokRWJQB42xlp08
The Refinery at Domino,4.7,29,300 Kent Ave,Brooklyn,New York,US,https://www.therefineryatdomino.com/,+1 516-715-1771,Office rental agency,https://www.google.com/maps/search/?api=1&query=The%20Refinery%20at%20Domino&query_place_id=ChIJE8jvo7lZwokRDFx1jXCWOUM
DOMINO EXHIBIT: TAR BABIES AND A GIANT SPHINX,,0,314 Kent Ave,Brooklyn,New York,US,https://untappedcities.com/2014/05/09/brooklyn-artist-kara-walker-looks-to-history-tension-racism-sex-in-domino-exhibit-tar-babies-and-a-giant-sphinx/,,Space of remembrance,https://www.google.com/maps/search/?api=1&query=DOMINO%20EXHIBIT%3A%20TAR%20BABIES%20AND%20A%20GIANT%20SPHINX&query_place_id=ChIJT7eqpztZwokRd2hAlg70YeU
Domino Sugar Refinery Shell,4.3,9,314 Kent Ave,Brooklyn,New York,US,https://www.dezeen.com/2023/10/02/pau-domino-sugar-refinery-glass-vault/,,Historical landmark,https://www.google.com/maps/search/?api=1&query=Domino%20Sugar%20Refinery%20Shell&query_place_id=ChIJ79s_TpZZwokRZjLIldECxRs
Papas Pizza,4.5,158,187 Bedford Ave,Brooklyn,New York,US,http://papaspizzabrooklyn.com/,+1 347-384-2010,Pizza restaurant,https://www.google.com/maps/search/?api=1&query=Papas%20Pizza&query_place_id=ChIJWxpumQZZwokRGwEMpWZkVA0
Fini Pizza,4.3,537,305 Bedford Ave,Brooklyn,New York,US,https://www.finipizza.com/,+1 929-969-3073,Pizza restaurant,https://www.google.com/maps/search/?api=1&query=Fini%20Pizza&query_place_id=ChIJs_N6DcFZwokRtBCzGqsNzjs
Joe's Pizza,4.5,2960,216 Bedford Ave,Brooklyn,New York,US,http://joespizzanyc.com/,+1 718-388-2216,Pizza restaurant,https://www.google.com/maps/search/?api=1&query=Joe's%20Pizza&query_place_id=ChIJ_djiBl5ZwokRCIEFp14qGYw
OddFellows Ice Cream Co. Domino Park,3.8,80,40 River St,Brooklyn,New York,US,http://www.oddfellowsnyc.com/,+1 718-387-4676,Ice cream shop,https://www.google.com/maps/search/?api=1&query=OddFellows%20Ice%20Cream%20Co.%20Domino%20Park&query_place_id=ChIJO4ACU1dZwokRtCZAQ1jGyo8
Seating Steps,4.6,5,15 River St,Brooklyn,New York,US,,,Park and Garden,https://www.google.com/maps/search/?api=1&query=Seating%20Steps&query_place_id=ChIJdYeX7FxZwokRywxrWo93pmU
Domino Park Greenmarket,4.2,5,15 River St,Brooklyn,New York,US,https://www.grownyc.org/greenmarket/brooklyn/dominopark,,Farmers' market,https://www.google.com/maps/search/?api=1&query=Domino%20Park%20Greenmarket&query_place_id=ChIJg5m--19bwokRCo5KlAAh3us
Domingo's at The Woods,4.4,44,48 S 4th St ste 2,Brooklyn,New York,US,,+1 347-331-3478,Fast food restaurant,https://www.google.com/maps/search/?api=1&query=Domingo's%20at%20The%20Woods&query_place_id=ChIJDYNYpthbwokRtEsCRB6sZec
"Rome to Brooklyn, Pizza & Panzerotti",4.7,269,755 Grand St,Brooklyn,New York,US,http://www.rometobrooklynpizza.com/,+1 718-269-3239,Pizza restaurant,https://www.google.com/maps/search/?api=1&query=Rome%20to%20Brooklyn%2C%20Pizza%20%26%20Panzerotti&query_place_id=ChIJ8-f2p7FZwokRO3JrT-cLuHo
Roberta's,4.0,338,6 Grand St,Brooklyn,New York,US,http://www.robertaspizza.com/,+1 718-278-2400,Italian restaurant,https://www.google.com/maps/search/?api=1&query=Roberta's&query_place_id=ChIJby7B1blZwokRzCBPwiaSbTY
Best Pizza,4.3,33,800 Grand St,Brooklyn,New York,US,http://www.bestpizzawilliamsburg.com/,+1 347-721-3051,Pizza restaurant,https://www.google.com/maps/search/?api=1&query=Best%20Pizza&query_place_id=ChIJgXDSfPZZwokREP1ba0RmgEk
Other Half Brewing Domino Park,4.6,380,34 River St,Brooklyn,New York,US,https://otherhalfbrewing.com/location/domino-park/,+1 718-362-6199,Brewery,https://www.google.com/maps/search/?api=1&query=Other%20Half%20Brewing%20Domino%20Park&query_place_id=ChIJ9bsn229ZwokR0CENMNxupqg
Pizza Studio,4.3,842,528 Gateway Dr,Brooklyn,New York,US,http://www.pizzastudio.com/locations/brooklyn/,(718) 964-1103,Pizza restaurant,https://www.google.com/maps/search/?api=1&query=Pizza%20Studio&query_place_id=ChIJP9n7JgxdwokRQJTFT8zHvtY
Pizza Hut Express,3.2,37,8801 Queens Blvd,Elmhurst,New York,US,https://locations.pizzahut.com/ny/elmhurst/8801-queens-blvd?utm_medium=organic&utm_source=local&utm_campaign=googlelistings&utm_content=website&utm_term=302242,(800) 948-8488,Pizza restaurant,https://www.google.com/maps/search/?api=1&query=Pizza%20Hut%20Express&query_place_id=ChIJp0Y_0k1ewokR6xoagrpNk0I
